player_display_name,position,team,production_score,2026_opponent_def_rating,predictions_2026
Philip Rivers,QB,IND,31.660000000000004,16.58823529411765,31.85
Aaron Rodgers,QB,PIT,230.92,15.588235294117647,218.14
Marcedes Lewis,TE,DEN,0.0,14.735294117647058,-0.07
Joe Flacco,QB,CIN,118.76,16.705882352941178,119.46
Joe Flacco,QB,CLE,29.9,20.058823529411764,34.48
Josh Johnson,QB,WAS,24.380000000000003,17.676470588235293,25.58
Matthew Stafford,QB,LA,415.3200000000001,15.411764705882353,388.99
Andy Dalton,QB,CAR,11.52,15.352941176470589,11.13
Tyrod Taylor,QB,NYJ,61.459999999999994,15.117647058823529,58.36
Russell Wilson,QB,NYG,49.84,17.558823529411764,53.12
Kirk Cousins,QB,ATL,103.54,17.058823529411764,112.26
Adam Thielen,WR,MIN,14.9,18.470588235294116,15.91
Adam Thielen,WR,PIT,27.2,15.588235294117647,26.66
Zach Ertz,TE,WAS,124.4,17.676470588235293,130.56
Keenan Allen,WR,LAC,188.2,14.029411764705882,162.24
Travis Kelce,TE,KC,191.2,16.147058823529413,184.97
DeAndre Hopkins,WR,BAL,67.0,17.88235294117647,73.52
Geno Smith,QB,LV,173.9,13.205882352941176,140.8
Brandin Cooks,WR,BUF,29.2,15.323529411764707,26.37
Brandin Cooks,WR,NO,35.5,19.41176470588235,41.39
Teddy Bridgewater,QB,TB,2.88,17.61764705882353,2.81
Jimmy Garoppolo,QB,LA,-1.0,15.411764705882353,-0.39
Davante Adams,WR,LA,258.4,15.411764705882353,238.96
Mike Evans,WR,TB,84.8,17.61764705882353,92.71
Chris Manhertz,TE,NYG,1.7,17.558823529411764,1.69
Jameis Winston,QB,NYG,45.28,17.558823529411764,46.58
Stefon Diggs,WR,NE,241.3,15.647058823529411,228.8
Darren Waller,TE,MIA,88.7,15.529411764705882,82.69
Raheem Mostert,RB,LV,29.4,13.205882352941176,22.95
DeAndre Carter,WR,CLE,0.0,20.058823529411764,0.61
Ameer Abdullah,RB,IND,37.9,16.58823529411765,35.49
Tyler Lockett,WR,LV,50.1,13.205882352941176,44.28
Tyler Lockett,WR,TEN,17.0,18.176470588235293,18.39
Marcus Mariota,QB,WAS,125.5,17.676470588235293,134.52
Sterling Shepard,WR,TB,84.0,17.61764705882353,92.71
Austin Hooper,TE,NE,64.7,15.647058823529411,61.54
Chris Moore,WR,WAS,38.599999999999994,17.676470588235293,42.35
Brandon Allen,QB,TEN,0.8799999999999999,18.176470588235293,1.24
Kalif Raymond,WR,DET,60.8,18.0,65.92
Robbie Chosen,WR,WAS,10.3,17.676470588235293,11.9
Derrick Henry,RB,BAL,279.5,17.88235294117647,299.51
Demarcus Robinson,WR,SF,80.4,16.235294117647058,77.42
Carson Wentz,QB,MIN,68.34,18.470588235294116,75.81
Laquon Treadwell,WR,IND,0.0,16.58823529411765,0.14
Tyreek Hill,WR,MIA,53.5,15.529411764705882,50.56
Dak Prescott,QB,DAL,309.78000000000003,16.676470588235293,315.55
Hunter Henry,TE,NE,205.0,15.647058823529411,196.23
Jared Goff,QB,DET,303.06,18.0,330.16
Tyler Higbee,TE,LA,83.5,15.411764705882353,72.64
Jacoby Brissett,QB,ARI,233.44,15.470588235294118,219.17
Mo Alie-Cox,TE,IND,30.7,16.58823529411765,30.13
Johnny Mundt,TE,JAX,20.1,17.705882352941178,22.92
Christian McCaffrey,RB,SF,458.4,16.235294117647058,449.7
Curtis Samuel,WR,BUF,22.3,15.323529411764707,21.62
George Kittle,TE,SF,163.1,16.235294117647058,162.66
Aaron Jones,RB,MIN,120.7,18.470588235294116,135.33
Kendrick Bourne,WR,SF,92.1,16.235294117647058,92.12
Nick Mullens,QB,JAX,-0.04,17.705882352941178,0.24
Taysom Hill,TE,NO,41.78,19.41176470588235,45.97
Tim Patrick,WR,JAX,51.7,17.705882352941178,53.85
Pharaoh Brown,TE,ARI,2.1,15.470588235294118,1.9
Anthony Firkser,TE,DET,13.3,18.0,14.24
Samaje Perine,RB,CIN,77.9,16.705882352941178,79.66
James Conner,RB,ARI,33.3,15.470588235294118,33.44
Mack Hollins,WR,NE,138.3,15.647058823529411,132.21
Jamal Agnew,WR,ATL,0.0,17.058823529411764,0.13
Eric Saubert,TE,SEA,7.1,17.176470588235293,7.29
David Moore,WR,CAR,2.7,15.352941176470589,2.43
Noah Brown,WR,WAS,13.3,17.676470588235293,14.24
Cooper Rush,QB,BAL,1.7199999999999993,17.88235294117647,1.82
Austin Ekeler,RB,WAS,13.1,17.676470588235293,14.24
Robert Tonyan,TE,KC,1.1,16.147058823529413,1.13
Dare Ogunbowale,RB,HOU,26.1,18.529411764705884,27.95
JuJu Smith-Schuster,WR,KC,73.5,16.147058823529413,70.84
Jonnu Smith,TE,PIT,87.1,15.588235294117647,82.69
Mitchell Trubisky,QB,BUF,29.12,15.323529411764707,26.37
Patrick Mahomes,QB,KC,281.68,16.147058823529413,287.87
Evan Engram,TE,DEN,108.4,14.735294117647058,98.3
David Njoku,TE,CLE,86.3,20.058823529411764,102.53
Zay Jones,WR,ARI,30.3,15.470588235294118,29.61
Alvin Kamara,RB,NO,102.7,19.41176470588235,122.49
Cooper Kupp,WR,SEA,153.0,17.176470588235293,157.9
Chris Godwin Jr.,WR,TB,81.0,17.61764705882353,83.67
Kareem Hunt,RB,KC,145.39999999999998,16.147058823529413,143.69
Josh Reynolds,WR,NYJ,21.1,15.117647058823529,21.13
Joshua Dobbs,QB,NE,2.1,15.647058823529411,2.12
Jeremy McNichols,RB,WAS,70.7,17.676470588235293,76.34
River Cracraft,WR,WAS,0.0,17.676470588235293,0.24
Ross Dwelley,TE,DET,2.7,18.0,2.91
Will Dissly,TE,LAC,20.7,14.029411764705882,19.39
Tyler Conklin,TE,LAC,17.299999999999997,14.029411764705882,15.62
Marquez Valdes-Scantling,WR,PIT,29.6,15.588235294117647,27.28
Marquez Valdes-Scantling,WR,SF,8.0,16.235294117647058,7.83
Courtland Sutton,WR,DEN,237.7,14.735294117647058,210.43
Dallas Goedert,TE,PHI,204.5,20.205882352941178,249.57
Ian Thomas,TE,LV,24.4,13.205882352941176,20.48
Nyheim Hines,RB,LAC,-0.2,14.029411764705882,-0.16
Nyheim Hines,RB,NO,0.0,19.41176470588235,0.6
Dalton Schultz,TE,HOU,188.6,18.529411764705884,213.23
Justin Watson,WR,HOU,6.0,18.529411764705884,7.38
Ray-Ray McCloud,WR,ATL,12.4,17.058823529411764,13.41
Ray-Ray McCloud,WR,NYG,1.5,17.558823529411764,1.45
Cedrick Wilson Jr.,WR,MIA,9.4,15.529411764705882,8.92
Braxton Berrios,WR,HOU,9.7,18.529411764705884,10.06
Trent Sherfield,WR,ARI,0.0,15.470588235294118,-0.06
Trent Sherfield,WR,DEN,5.1,14.735294117647058,4.66
Allen Lazard,WR,NYJ,23.0,15.117647058823529,21.13
Kyle Allen,QB,DET,-0.3,18.0,0.11
Tanner Hudson,TE,CIN,47.8,16.705882352941178,44.28
Chase Edmonds,RB,WAS,0.0,17.676470588235293,0.24
Mark Andrews,TE,BAL,131.0,17.88235294117647,140.98
Mason Rudolph,QB,PIT,17.080000000000002,15.588235294117647,17.4
Christian Kirk,WR,HOU,96.3,18.529411764705884,110.45
Nick Chubb,RB,HOU,94.5,18.529411764705884,103.48
Lamar Jackson,QB,BAL,218.86,17.88235294117647,238.48
Durham Smythe,TE,CHI,9.6,13.823529411764707,7.71
DJ Moore,WR,CHI,207.08,13.823529411764707,175.31
Mike Gesicki,TE,CIN,70.7,16.705882352941178,72.53
Calvin Ridley,WR,TEN,47.3,18.176470588235293,47.96
Saquon Barkley,RB,PHI,248.4,20.205882352941178,303.57
KhaDarel Hodge,WR,ATL,6.1,17.058823529411764,6.71
Baker Mayfield,QB,TB,273.92,17.61764705882353,293.44
Josh Allen,QB,BUF,418.7600000000001,15.323529411764707,388.99
Dante Pettis,WR,NO,21.7,19.41176470588235,24.84
Malik Turner,WR,SF,0.0,16.235294117647058,0.14
Sam Darnold,QB,SEA,289.7,17.176470588235293,298.08
Steven Sims,WR,ARI,0.0,15.470588235294118,-0.06
Brett Rypien,QB,CIN,0.0,16.705882352941178,0.13
Andrew Beck,RB,NYJ,23.0,15.117647058823529,21.13
Jakobi Meyers,WR,JAX,111.8,17.705882352941178,120.55
Jakobi Meyers,WR,LV,68.2,13.205882352941176,58.47
Justice Hill,RB,BAL,65.2,17.88235294117647,67.59
Foster Moreau,TE,NO,12.9,19.41176470588235,14.82
Hunter Renfrow,WR,CAR,35.9,15.352941176470589,34.97
Ashton Dulin,WR,IND,20.0,16.58823529411765,20.3
Jake Browning,QB,CIN,48.74,16.705882352941178,47.59
Mecole Hardman,WR,BUF,7.4,15.323529411764707,6.8
Olamide Zaccheaus,WR,CHI,94.5,13.823529411764707,82.16
Kyler Murray,QB,ARI,77.78,15.470588235294118,72.21
T.J. Hockenson,TE,MIN,112.8,18.470588235294116,124.13
Miles Sanders,RB,DAL,26.7,16.676470588235293,25.5
Josh Oliver,TE,MIN,55.0,18.470588235294116,65.84
Devin Singletary,RB,NYG,106.8,17.558823529411764,113.76
Tony Pollard,RB,TEN,187.8,18.176470588235293,208.49
Jarrett Stidham,QB,DEN,9.52,14.735294117647058,8.35
Gardner Minshew,QB,KC,-0.32,16.147058823529413,0.01
Trayveon Williams,RB,CLE,16.2,20.058823529411764,19.44
Trayveon Williams,RB,LAC,0.9,14.029411764705882,0.18
Scott Miller,WR,PIT,15.2,15.588235294117647,14.71
Myles Gaskin,RB,SEA,0.6,17.176470588235293,0.6
David Sills,WR,ATL,49.1,17.058823529411764,50.82
Lil'Jordan Humphrey,WR,DEN,37.9,14.735294117647058,34.16
Lil'Jordan Humphrey,WR,NYG,9.5,17.558823529411764,9.5
Greg Dortch,WR,ARI,75.1,15.470588235294118,66.8
Darius Slayton,WR,NYG,96.8,17.558823529411764,104.87
Ty Johnson,RB,BUF,100.3,15.323529411764707,94.32
Tom Kennedy,WR,DET,7.6,18.0,8.3
Craig Reynolds,RB,DET,0.4,18.0,0.57
Travis Homer,RB,CHI,-0.2,13.823529411764707,-0.16
Alex Bachman,WR,LV,3.2,13.205882352941176,1.97
D'Ernest Johnson,RB,ARI,0.0,15.470588235294118,-0.06
D'Ernest Johnson,RB,NE,2.5,15.647058823529411,2.52
Drew Sample,TE,CIN,31.9,16.705882352941178,32.34
Parris Campbell,WR,DAL,0.0,16.676470588235293,0.14
DK Metcalf,WR,PIT,193.4,15.588235294117647,184.12
Noah Fant,TE,CIN,80.8,16.705882352941178,80.08
Gunner Olszewski,WR,NYG,35.82,17.558823529411764,38.96
Terry McLaurin,WR,WAS,114.2,17.676470588235293,122.37
Marquise Brown,WR,KC,137.7,16.147058823529413,133.44
A.J. Brown,WR,PHI,225.8,20.205882352941178,276.12
David Montgomery,RB,DET,164.92,18.0,183.44
Dawson Knox,TE,BUF,113.9,15.323529411764707,106.76
Josh Jacobs,RB,GB,243.9,17.38235294117647,253.72
Drew Lock,QB,SEA,0.0999999999999999,17.176470588235293,0.21
Daniel Jones,QB,IND,230.44000000000003,16.58823529411765,227.67
Deebo Samuel Sr.,WR,WAS,188.2,17.676470588235293,199.9
Jakob Johnson,RB,HOU,0.0,18.529411764705884,0.57
Andre Baccellia,WR,ARI,2.8,15.470588235294118,2.43
Cody White,WR,SEA,18.0,17.176470588235293,17.76
Giovanni Ricci,TE,DET,0.0,18.0,0.24
Tyler Huntley,QB,BAL,40.14,17.88235294117647,43.34
Juwan Johnson,TE,NO,183.9,19.41176470588235,221.5
James Proche,WR,TEN,12.5,18.176470588235293,13.95
Rico Dowdle,RB,CAR,218.8,15.352941176470589,206.18
J.K. Dobbins,RB,DEN,115.9,14.735294117647058,103.47
Isaiah Hodgins,WR,NYG,27.5,17.558823529411764,28.23
Mason Kinsey,WR,TEN,6.8,18.176470588235293,7.48
Nick Westbrook-Ikhine,WR,MIA,19.9,15.529411764705882,17.5
Gabe Davis,WR,BUF,34.3,15.323529411764707,33.44
Tua Tagovailoa,QB,MIA,160.70000000000002,15.529411764705882,147.08
Jonathan Taylor,RB,IND,360.3,16.58823529411765,365.19
Harrison Bryant,TE,HOU,7.8,18.529411764705884,8.68
Colby Parkinson,TE,LA,161.0,15.411764705882353,144.13
Michael Pittman,WR,IND,200.4,16.58823529411765,198.81
Jauan Jennings,WR,SF,188.26,16.235294117647058,184.63
Jordan Love,QB,GB,265.15999999999997,17.38235294117647,283.49
AJ Dillon,RB,PHI,11.1,20.205882352941178,13.27
D'Andre Swift,RB,CHI,253.4,13.823529411764707,215.26
Cole Kmet,TE,CHI,88.9,13.823529411764707,77.12
Darnell Mooney,WR,ATL,82.3,17.058823529411764,80.75
Justin Jefferson,WR,MIN,201.5,18.470588235294116,225.29
Antonio Gibson,RB,NE,17.200000000000003,15.647058823529411,17.4
Devin Duvernay,WR,CHI,4.6,13.823529411764707,3.36
Josiah Deguara,TE,ARI,11.1,15.470588235294118,11.13
Justin Herbert,QB,LAC,298.94,14.029411764705882,255.04
CeeDee Lamb,WR,DAL,200.9,16.676470588235293,205.07
Clyde Edwards-Helaire,RB,KC,4.2,16.147058823529413,4.26
Jalen Hurts,QB,PHI,315.18,20.205882352941178,383.79
Jerry Jeudy,WR,CLE,122.7,20.058823529411764,144.15
Tee Higgins,WR,CIN,209.6,16.705882352941178,218.35
Cam Akers,RB,MIN,7.18,18.470588235294116,7.59
Cam Akers,RB,SEA,0.0,17.176470588235293,0.1
Van Jefferson,WR,TEN,70.0,18.176470588235293,77.87
Adam Trautman,TE,DEN,45.5,14.735294117647058,41.27
Albert Okwuegbunam,TE,LV,8.6,13.205882352941176,6.3
DeeJay Dallas,RB,CAR,0.0,15.352941176470589,-0.06
DeeJay Dallas,RB,JAX,2.1,17.705882352941178,2.38
Tyler Johnson,WR,NYJ,37.7,15.117647058823529,34.47
Charlie Woerner,TE,ATL,12.8,17.058823529411764,13.41
Joe Burrow,QB,CIN,134.46,16.705882352941178,134.68
Chris Blair,WR,ATL,0.0,17.058823529411764,0.13
Tim Jones,WR,JAX,2.5,17.705882352941178,2.78
DJ Turner,WR,LV,0.0,13.205882352941176,-0.31
Shane Zylstra,TE,DET,5.0,18.0,5.26
Rashod Bateman,WR,BAL,53.4,17.88235294117647,56.5
Nico Collins,WR,HOU,231.3,18.529411764705884,257.25
Chuba Hubbard,RB,CAR,145.3,15.352941176470589,136.98
Elijah Mitchell,RB,KC,0.0,16.147058823529413,0.14
Gary Brightwell,RB,CIN,0.0,16.705882352941178,0.13
Quintin Morris,TE,JAX,17.5,17.705882352941178,18.5
Jaylen Waddle,WR,MIA,194.12,15.529411764705882,184.15
Dee Eskridge,WR,MIA,10.2,15.529411764705882,8.92
Dyami Brown,WR,JAX,49.7,17.705882352941178,53.85
John Bates,TE,WAS,27.3,17.676470588235293,28.4
Tylan Wallace,WR,BAL,14.5,17.88235294117647,15.7
Noah Gray,TE,KC,38.8,16.147058823529413,38.15
Simi Fehoko,WR,ARI,0.0,15.470588235294118,-0.06
Shane Buechele,QB,KC,3.92,16.147058823529413,3.98
Adam Prentice,RB,DEN,16.0,14.735294117647058,14.12
Jack Stoll,TE,NO,16.6,19.41176470588235,19.26
Brock Wright,TE,DET,36.8,18.0,39.69
Jaret Patterson,RB,LAC,25.7,14.029411764705882,22.17
Feleipe Franks,TE,ATL,0.4,17.058823529411764,0.39
Austin Trammell,WR,JAX,7.6,17.705882352941178,8.3
Kene Nwangwu,RB,NYJ,4.9,15.117647058823529,4.12
Tutu Atwell,WR,LA,31.2,15.411764705882353,29.61
Ben Skowronek,WR,PIT,16.9,15.588235294117647,17.4
Rhamondre Stevenson,RB,NE,229.1,15.647058823529411,218.16
Kylen Granson,TE,PHI,11.0,20.205882352941178,13.27
Luke Farrell,TE,SF,32.6,16.235294117647058,31.85
Najee Harris,RB,LAC,11.6,14.029411764705882,10.11
Pat Freiermuth,TE,PIT,116.4,15.588235294117647,111.2
Davis Mills,QB,HOU,66.6,18.529411764705884,75.47
Ja'Marr Chase,WR,CIN,315.6,16.705882352941178,316.74
Khalil Herbert,RB,NYJ,6.6000000000000005,15.117647058823529,6.51
DeVonta Smith,WR,PHI,216.8,20.205882352941178,267.63
Kenneth Gainwell,RB,PIT,231.9,15.588235294117647,220.8
Michael Carter,RB,ARI,99.0,15.470588235294118,94.32
Justin Fields,QB,NYJ,134.66,15.117647058823529,122.91
Avery Williams,RB,NYJ,0.0,15.117647058823529,0.0
Michael Bandy,WR,DEN,15.0,14.735294117647058,14.12
Amon-Ra St. Brown,WR,DET,324.0,18.0,333.5
Kyle Pitts,TE,ATL,210.8,17.058823529411764,218.35
Trevor Lawrence,QB,JAX,359.56,17.705882352941178,385.33
Mac Jones,QB,SF,132.89999999999998,16.235294117647058,131.22
Travis Etienne,RB,JAX,276.5,17.705882352941178,297.2
Elijah Moore,WR,BUF,28.6,15.323529411764707,26.37
Elijah Moore,WR,DEN,1.4,14.735294117647058,1.05
Trey Sermon,RB,PIT,0.0,15.588235294117647,0.14
Josh Palmer,WR,BUF,52.3,15.323529411764707,48.61
Javonte Williams,RB,DAL,244.8,16.676470588235293,246.45
Hunter Long,TE,JAX,32.5,17.705882352941178,35.37
Tommy Tremble,TE,CAR,69.1,15.352941176470589,64.67
Trey Lance,QB,LAC,15.54,14.029411764705882,13.39
Zach Wilson,QB,MIA,1.38,15.529411764705882,1.32
Sal Cannella,TE,CLE,3.1,20.058823529411764,4.18
Nikola Kalinic,TE,CHI,0.0,13.823529411764707,-0.16
Tyler Badie,RB,DEN,37.5,14.735294117647058,34.16
Grant Calcaterra,TE,PHI,22.6,20.205882352941178,25.02
Dareke Young,WR,SEA,6.8,17.176470588235293,7.15
Samori Toure,WR,NO,1.3,19.41176470588235,2.19
Jake Tonges,TE,SF,106.6,16.235294117647058,107.28
Tyler Goodson,RB,IND,5.2,16.58823529411765,4.99
Britain Covey,WR,PHI,4.0,20.205882352941178,5.34
Bam Knight,RB,ARI,92.9,15.470588235294118,87.34
Isiah Pacheco,RB,KC,87.30000000000001,16.147058823529413,86.46
Jaylen Warren,RB,PIT,222.8,15.588235294117647,209.16
Kevin Austin Jr.,WR,NO,33.0,19.41176470588235,39.81
Drake London,WR,ATL,201.9,17.058823529411764,205.13
Chris Olave,WR,NO,268.0,19.41176470588235,309.23
Jameson Williams,WR,DET,219.9,18.0,240.1
George Pickens,WR,DAL,289.9,16.676470588235293,289.09
James Cook,RB,BUF,323.4,15.323529411764707,299.74
Greg Dulcich,TE,MIA,64.8,15.529411764705882,61.54
Rachaad White,RB,TB,143.0,17.61764705882353,155.74
Dameon Pierce,RB,HOU,2.6,18.529411764705884,3.3
Dameon Pierce,RB,KC,1.0,16.147058823529413,0.98
Khalil Shakir,WR,BUF,203.1,15.323529411764707,189.31
Tyler Allgeier,RB,ATL,123.0,17.058823529411764,127.45
Jerome Ford,RB,CLE,43.6,20.058823529411764,50.95
Ty Chandler,RB,MIN,8.8,18.470588235294116,9.65
Teagan Quitoriano,TE,ATL,0.0,17.058823529411764,0.13
James Mitchell,TE,CAR,5.8,15.352941176470589,6.45
Jalen Nailor,WR,MIN,98.7,18.470588235294116,109.2
Andrew Ogletree,TE,IND,12.7,16.58823529411765,13.28
Connor Heyward,TE,PIT,27.4,15.588235294117647,26.66
John FitzPatrick,TE,GB,25.2,17.38235294117647,26.49
Ko Kieft,TE,TB,0.0,17.61764705882353,0.24
Chris Oladokun,QB,KC,13.2,16.147058823529413,13.56
Brittain Brown,RB,CHI,9.7,13.823529411764707,7.71
Zaire Mitchell-Paden,TE,BAL,1.3,17.88235294117647,1.56
Zaire Mitchell-Paden,TE,NO,2.4,19.41176470588235,3.41
Tanner Conner,TE,MIA,18.1,15.529411764705882,17.5
Kaden Davis,WR,CLE,0.0,20.058823529411764,0.61
Stone Smartt,TE,NYJ,12.2,15.117647058823529,10.96
Deven Thompkins,WR,ATL,6.2,17.058823529411764,6.71
Tay Martin,WR,WAS,4.3,17.676470588235293,4.59
Jordan Mason,RB,MIN,128.89999999999998,18.470588235294116,143.22
Lucas Krull,TE,DEN,3.5,14.735294117647058,3.2
Rashid Shaheed,WR,NO,106.4,19.41176470588235,122.49
Rashid Shaheed,WR,SEA,53.2,17.176470588235293,53.47
Ronnie Rivers,RB,LA,4.6,15.411764705882353,4.05
Malik Davis,RB,DAL,40.6,16.676470588235293,39.5
Julius Chestnut,RB,TEN,4.0,18.176470588235293,4.53
John Metchie III,WR,NYJ,66.1,15.117647058823529,60.03
John Metchie III,WR,PHI,5.8,20.205882352941178,7.8
Hassan Haskins,RB,LAC,10.0,14.029411764705882,7.8
Tucker Fisk,TE,LAC,8.1,14.029411764705882,6.63
Alec Pierce,WR,IND,183.3,16.58823529411765,186.49
Jalen Tolbert,WR,DAL,44.3,16.676470588235293,42.95
Garrett Wilson,WR,NYJ,99.5,15.117647058823529,92.23
Jahan Dotson,WR,PHI,50.2,20.205882352941178,57.28
Treylon Burks,WR,WAS,29.0,17.676470588235293,28.4
Trey McBride,TE,ARI,315.9,15.470588235294118,299.47
Velus Jones Jr.,RB,NO,0.0,19.41176470588235,0.6
Velus Jones Jr.,RB,SEA,4.2,17.176470588235293,4.25
Brian Robinson,RB,SF,64.19999999999999,16.235294117647058,62.76
Jelani Woods,TE,NYJ,1.4,15.117647058823529,1.17
KaVontae Turpin,WR,DAL,84.5,16.676470588235293,87.79
Jeremy Ruckert,TE,NYJ,46.9,15.117647058823529,41.58
Chig Okonkwo,TE,TEN,124.0,18.176470588235293,135.02
Romeo Doubs,WR,GB,189.8,17.38235294117647,199.57
Brock Purdy,QB,SF,203.56,16.235294117647058,198.3
Calvin Austin III,WR,PIT,90.0,15.588235294117647,86.05
Isaiah Likely,TE,BAL,63.7,17.88235294117647,67.59
Kyren Williams,RB,LA,320.6,15.411764705882353,299.74
Zamir White,RB,LV,9.6,13.205882352941176,7.47
Jake Ferguson,TE,DAL,190.1,16.676470588235293,193.37
Charlie Kolar,TE,BAL,36.2,17.88235294117647,39.69
Skyy Moore,WR,SF,15.1,16.235294117647058,14.83
Kenny Pickett,QB,LV,7.719999999999999,13.205882352941176,6.3
Tyquan Thornton,WR,KC,80.8,16.147058823529413,77.42
Daniel Bellinger,TE,NYG,59.6,17.558823529411764,64.25
Wan'Dale Robinson,WR,NYG,217.9,17.558823529411764,230.83
Breece Hall,RB,NYJ,207.66,15.117647058823529,188.01
Christian Watson,WR,GB,145.0,17.38235294117647,153.88
Malik Willis,QB,GB,51.18,17.38235294117647,53.12
Cade Otton,TE,TB,122.2,17.61764705882353,130.12
Kenneth Walker III,RB,SEA,266.6,17.176470588235293,280.85
Xavier Smith,WR,LA,48.3,15.411764705882353,45.39
Dontayvion Wicks,WR,GB,75.80000000000001,17.38235294117647,82.62
Will Mallory,TE,IND,2.6,16.58823529411765,2.65
Eric Gray,RB,NYG,0.0,17.558823529411764,0.21
Evan Hull,RB,NO,6.3999999999999995,19.41176470588235,7.62
Tanner McKee,QB,PHI,13.760000000000002,20.205882352941178,16.75
Lew Nichols III,RB,PIT,0.0,15.588235294117647,0.14
Tyson Bagent,QB,CHI,2.58,13.823529411764707,1.61
Zavier Scott,RB,MIN,39.2,18.470588235294116,44.21
Keaton Mitchell,RB,BAL,55.4,17.88235294117647,64.98
Travis Vokolek,TE,ARI,0.0,15.470588235294118,-0.06
Owen Wright,RB,TB,0.6,17.61764705882353,0.77
Malik Heath,WR,GB,14.6,17.38235294117647,15.53
Jason Brownlee,WR,KC,0.0,16.147058823529413,0.14
Xavier Gipson,WR,NYJ,0.0,15.117647058823529,0.0
Xavier Gipson,WR,PHI,2.6,20.205882352941178,3.72
E.J. Jenkins,TE,PHI,0.0,20.205882352941178,0.61
Nikko Remigio,WR,KC,4.2,16.147058823529413,4.26
Bijan Robinson,RB,ATL,370.8,17.058823529411764,383.73
Jaxon Smith-Njigba,WR,SEA,410.7999999999999,17.176470588235293,426.79
Quentin Johnston,WR,LAC,178.2,14.029411764705882,145.59
Luke Schoonmaker,TE,DAL,27.2,16.676470588235293,27.24
Kendre Miller,RB,NO,33.3,19.41176470588235,39.81
Tank Bigsby,RB,JAX,1.2,17.705882352941178,1.4
Tank Bigsby,RB,PHI,54.5,20.205882352941178,68.42
Darnell Washington,TE,PIT,73.4,15.588235294117647,67.08
Michael Wilson,WR,ARI,220.6,15.470588235294118,206.34
Tre Tucker,WR,LV,161.7,13.205882352941176,128.48
Cameron Latu,TE,PHI,0.0,20.205882352941178,0.61
Derius Davis,WR,LAC,3.5,14.029411764705882,2.65
Charlie Jones,WR,CIN,0.0,16.705882352941178,0.13
Aidan O'Connell,QB,LV,4.78,13.205882352941176,3.12
Clayton Tune,QB,GB,1.98,17.38235294117647,2.02
Josh Whyle,TE,GB,16.3,17.38235294117647,18.22
Justin Shorter,TE,LV,0.0,13.205882352941176,-0.31
Chase Brown,RB,CIN,280.6,16.705882352941178,287.98
Parker Washington,WR,JAX,196.6,17.705882352941178,212.5
Kayshon Boutte,WR,NE,155.9,15.647058823529411,148.34
Chris Rodriguez Jr.,RB,WAS,92.0,17.676470588235293,99.12
Xavier Hutchinson,WR,HOU,110.5,18.529411764705884,119.12
Andrei Iosivas,WR,CIN,89.9,16.705882352941178,92.62
DeMario Douglas,WR,NE,118.2,15.647058823529411,113.74
Jalen Brooks,WR,ARI,8.1,15.470588235294118,7.47
Jalen Brooks,WR,DAL,0.0,16.676470588235293,0.14
Brayden Willis,TE,SF,0.0,16.235294117647058,0.14
Ronnie Bell,WR,NO,10.3,19.41176470588235,12.53
Adrian Martinez,QB,SF,-0.1,16.235294117647058,0.14
Jordan Mims,RB,TEN,0.0,18.176470588235293,0.24
Tyrell Shavers,WR,BUF,47.9,15.323529411764707,42.07
Chris Brooks,RB,GB,36.4,17.38235294117647,38.96
Emari Demercado,RB,ARI,58.3,15.470588235294118,58.75
Blake Whiteheart,TE,CLE,2.4,20.058823529411764,3.59
Julian Hill,TE,MIA,29.0,15.529411764705882,26.66
Jared Wayne,WR,HOU,4.0,18.529411764705884,4.92
Princeton Fant,TE,DAL,0.0,16.676470588235293,0.14
Hunter Luepke,RB,DAL,37.0,16.676470588235293,35.85
Jalen Cropper,WR,DAL,0.0,16.676470588235293,0.14
Jake Bobo,WR,SEA,15.3,17.176470588235293,14.97
Nate Adkins,TE,DEN,17.9,14.735294117647058,16.46
Jaleel McLaughlin,RB,DEN,35.8,14.735294117647058,33.92
Emanuel Wilson,RB,GB,92.8,17.38235294117647,97.89
Ben Sims,TE,MIN,6.0,18.470588235294116,6.96
Ryan Miller,WR,TB,11.4,17.61764705882353,12.12
Mitchell Tinsley,WR,CIN,31.6,16.705882352941178,32.34
Brycen Tremayne,WR,CAR,30.0,15.352941176470589,29.61
Shedrick Jackson,WR,LV,15.9,13.205882352941176,12.59
Jacob Saylors,RB,DET,1.1,18.0,1.4
Malik Cunningham,WR,DET,0.1,18.0,0.35
Dalton Kincaid,TE,BUF,158.2,15.323529411764707,144.13
Brenton Strange,TE,JAX,120.9,17.705882352941178,130.32
Jalin Hyatt,WR,NYG,8.5,17.558823529411764,8.34
Sean Tucker,RB,TB,91.4,17.61764705882353,98.69
Dylan Drummond,WR,ATL,11.2,17.058823529411764,11.69
Marvin Mims Jr.,WR,DEN,122.5,14.735294117647058,111.96
Cedric Tillman,WR,CLE,60.0,20.058823529411764,71.85
Jordan Addison,WR,MIN,135.1,18.470588235294116,143.22
Tucker Kraft,TE,GB,117.2,17.38235294117647,120.99
Josh Downs,WR,IND,138.4,16.58823529411765,135.93
Roschon Johnson,RB,CHI,1.7,13.823529411764707,0.65
Tyjae Spears,RB,TEN,111.7,18.176470588235293,122.24
De'Von Achane,RB,MIA,322.8,15.529411764705882,300.61
Elijah Higgins,TE,ARI,60.1,15.470588235294118,58.86
Payne Durham,TE,TB,2.1,17.61764705882353,2.28
Jonathan Mingo,WR,DAL,3.5,16.676470588235293,3.47
Zay Flowers,WR,BAL,249.3,17.88235294117647,270.95
Sam LaPorta,TE,DET,106.9,18.0,115.9
Michael Mayer,TE,LV,73.8,13.205882352941176,60.11
Rashee Rice,WR,KC,148.1,16.147058823529413,145.83
Davis Allen,TE,LA,62.8,15.411764705882353,58.86
Puka Nacua,WR,LA,454.6,15.411764705882353,423.7
Jahmyr Gibbs,RB,DET,366.9,18.0,400.48
Luke Musgrave,TE,GB,51.1,17.38235294117647,53.12
Jayden Reed,WR,GB,64.2,17.38235294117647,66.74
Bryce Young,QB,CAR,241.0,15.352941176470589,220.63
C.J. Stroud,QB,HOU,226.12,18.529411764705884,251.76
Anthony Richardson,QB,IND,2.16,16.58823529411765,2.12
Zach Charbonnet,RB,SEA,181.4,17.176470588235293,192.42
Kendall Milton,RB,CIN,0.2,16.705882352941178,0.28
George Holani,RB,SEA,23.200000000000003,17.176470588235293,22.53
Jack Westover,TE,NE,2.8,15.647058823529411,2.65
Malik Nabers,WR,NYG,57.1,17.558823529411764,64.25
Brock Bowers,TE,LV,174.2,13.205882352941176,140.8
Xavier Legette,WR,CAR,91.1,15.352941176470589,85.04
Luke McCaffrey,WR,WAS,49.3,17.676470588235293,53.85
Ja'Tavion Sanders,TE,CAR,54.0,15.352941176470589,50.27
Cade Stover,TE,HOU,25.4,18.529411764705884,27.95
Bucky Irving,RB,TB,138.5,17.61764705882353,139.23
Isaac Guerendo,RB,SF,0.0,16.235294117647058,0.14
Sione Vaki,RB,DET,0.4,18.0,0.57
Audric Estimé,RB,NO,48.1,19.41176470588235,53.77
Spencer Rattler,QB,NO,101.14,19.41176470588235,122.49
Jamari Thrash,WR,CLE,20.7,20.058823529411764,24.83
Tyrone Tracy Jr.,RB,NYG,162.8,17.558823529411764,174.89
Kimani Vidal,RB,LAC,125.0,14.029411764705882,109.92
Casey Washington,WR,ATL,15.4,17.058823529411764,14.97
Joe Milton III,QB,DAL,10.32,16.676470588235293,11.23
Jawhar Jordan,RB,HOU,29.7,18.529411764705884,33.59
Dylan Laube,RB,LV,5.7,13.205882352941176,3.78
Ryan Flournoy,WR,DAL,114.0,16.676470588235293,116.06
Devaughn Vele,WR,NO,66.3,19.41176470588235,77.89
Isaiah Williams,WR,NYJ,48.7,15.117647058823529,44.89
Brenden Bates,TE,CLE,4.5,20.058823529411764,5.4
Brenden Bates,TE,HOU,4.3,18.529411764705884,4.98
Frank Gore Jr.,RB,BUF,1.6,15.323529411764707,1.34
Hayden Rucci,TE,MIA,0.0,15.529411764705882,0.14
Jalen Coker,WR,CAR,118.8,15.352941176470589,108.25
Xavier Weaver,WR,ARI,13.7,15.470588235294118,13.14
Brevyn Spann-Ford,TE,DAL,24.0,16.676470588235293,24.42
Kedon Slovis,QB,ARI,-0.08,15.470588235294118,-0.06
Kameron Johnson,WR,TB,17.7,17.61764705882353,18.39
British Brooks,RB,HOU,7.8,18.529411764705884,8.68
Mason Tipton,WR,NO,20.4,19.41176470588235,24.55
Cam Grandy,TE,CIN,2.7,16.705882352941178,2.63
David Martin-Robinson,TE,TEN,13.0,18.176470588235293,14.24
Bryce Oliver,WR,TEN,1.8,18.176470588235293,2.15
Colson Yankoff,TE,WAS,3.8,17.676470588235293,4.25
Jeshaun Jones,WR,MIN,0.0,18.470588235294116,0.21
Bo Nix,QB,DEN,322.9,14.735294117647058,290.52
Tip Reiman,TE,ARI,4.8,15.470588235294118,4.05
Blake Corum,RB,LA,142.8,15.411764705882353,134.92
Roman Wilson,WR,PIT,40.6,15.588235294117647,38.92
Will Shipley,RB,PHI,21.1,20.205882352941178,25.02
Jordan Whittington,WR,LA,41.8,15.411764705882353,38.62
Devin Culp,TE,TB,7.6,17.61764705882353,8.19
Terrell Jennings,RB,NE,15.2,15.647058823529411,14.71
Devontez Walker,WR,BAL,37.6,17.88235294117647,39.69
AJ Barner,TE,SEA,166.2,17.176470588235293,172.62
Braelon Allen,RB,NYJ,15.3,15.117647058823529,14.24
Rasheen Ali,RB,BAL,24.2,17.88235294117647,25.58
Isaiah Davis,RB,NYJ,69.2,15.117647058823529,63.49
Anthony Gould,WR,IND,2.6,16.58823529411765,2.65
Jared Wiley,TE,KC,1.4,16.147058823529413,1.31
Theo Johnson,TE,NYG,127.8,17.558823529411764,136.2
Marvin Harrison Jr.,WR,ARI,125.8,15.470588235294118,119.78
Drake Maye,QB,NE,424.88,15.647058823529411,402.36
Jalen McMillan,WR,TB,29.9,17.61764705882353,31.54
Troy Franklin,WR,DEN,173.10000000000002,14.735294117647058,149.52
Jaylen Wright,RB,MIA,48.2,15.529411764705882,45.68
Ray Davis,RB,BUF,63.4,15.323529411764707,59.46
Malik Washington,WR,MIA,110.7,15.529411764705882,103.64
Tahj Washington,WR,MIA,6.7,15.529411764705882,6.73
Adonai Mitchell,WR,IND,24.2,16.58823529411765,24.42
Adonai Mitchell,WR,NYJ,65.7,15.117647058823529,60.03
Brian Thomas Jr.,WR,JAX,148.89999999999998,17.705882352941178,157.87
Xavier Worthy,WR,KC,109.9,16.147058823529413,107.41
Keon Coleman,WR,BUF,115.0,15.323529411764707,107.07
Jayden Daniels,QB,WAS,114.28,17.676470588235293,122.37
Ben Sinnott,TE,WAS,28.4,17.676470588235293,28.4
Ladd McConkey,WR,LAC,187.1,14.029411764705882,162.24
Ricky Pearsall,WR,SF,88.6,16.235294117647058,86.46
Michael Penix Jr.,QB,ATL,122.28,17.058823529411764,127.45
Caleb Williams,QB,CHI,354.9,13.823529411764707,295.52
Rome Odunze,WR,CHI,158.9,13.823529411764707,130.62
Malachi Corley,WR,CLE,31.6,20.058823529411764,38.2
Trey Benson,RB,ARI,35.4,15.470588235294118,33.44
J.J. McCarthy,QB,MIN,127.38,18.470588235294116,143.02
Savion Williams,WR,GB,25.5,17.38235294117647,26.49
Phil Mafah,RB,DAL,10.9,16.676470588235293,11.23
Darius Cooper,WR,PHI,20.1,20.205882352941178,24.44
Amar Johnson,RB,LAC,0.8,14.029411764705882,0.02
Nick Kallerup,TE,SEA,0.0,17.176470588235293,0.1
Jacardia Wright,RB,SEA,2.0,17.176470588235293,1.86
LaJohntay Wester,WR,BAL,0.0,17.88235294117647,0.24
Brashard Smith,RB,KC,63.3,16.147058823529413,61.69
Ashton Jeanty,RB,LV,245.1,13.205882352941176,198.16
Tetairoa McMillan,WR,CAR,226.5,15.352941176470589,213.79
Colston Loveland,TE,CHI,196.4,13.823529411764707,163.04
Tyler Warren,TE,IND,188.5,16.58823529411765,187.12
Emeka Egbuka,WR,TB,193.7,17.61764705882353,201.94
Jayden Higgins,WR,HOU,148.3,18.529411764705884,167.62
Kyle Williams,WR,NE,52.6,15.647058823529411,48.91
Pat Bryant,WR,DEN,82.30000000000001,14.735294117647058,70.24
Jaylin Noel,WR,HOU,68.4,18.529411764705884,76.89
Kaleb Johnson,RB,PIT,8.8,15.588235294117647,8.92
Tai Felton,WR,MIN,5.5,18.470588235294116,5.23
Dylan Sampson,RB,CLE,89.6,20.058823529411764,107.1
Jaylin Lane,WR,WAS,39.2,17.676470588235293,43.34
Elic Ayomanor,WR,TEN,116.5,18.176470588235293,124.69
Jordan Watkins,WR,SF,4.6,16.235294117647058,4.33
Jordan James,RB,SF,4.5,16.235294117647058,4.33
DJ Giddens,RB,IND,9.6,16.58823529411765,9.0
KeAndre Lambert-Smith,WR,LAC,16.1,14.029411764705882,13.39
Mitchell Evans,TE,CAR,48.2,15.352941176470589,45.39
Oronde Gadsden II,TE,LAC,139.4,14.029411764705882,118.13
Jackson Hawes,TE,BUF,52.7,15.323529411764707,48.61
Ollie Gordon II,RB,MIA,54.1,15.529411764705882,50.56
Devin Neal,RB,NO,60.0,19.41176470588235,70.29
Kalel Mullings,RB,TEN,0.7,18.176470588235293,0.87
Riley Leonard,QB,IND,33.0,16.58823529411765,33.96
Tahj Brooks,RB,CIN,6.4,16.705882352941178,6.71
Jimmy Horn Jr.,WR,CAR,28.700000000000003,15.352941176470589,26.37
Thomas Fidone II,TE,NYG,0.0,17.558823529411764,0.21
Quinn Ewers,QB,MIA,33.17999999999999,15.529411764705882,33.73
Kyle Monangai,RB,CHI,159.79999999999998,13.823529411764707,130.62
Tez Johnson,WR,TB,92.4,17.61764705882353,98.69
LeQuint Allen Jr.,RB,JAX,27.0,17.705882352941178,28.4
Dominic Lovett,WR,DET,0.0,18.0,0.24
Jacory Croskey-Merritt,RB,WAS,140.3,17.676470588235293,150.68
Moliki Matavao,TE,NO,3.0,19.41176470588235,4.0
Gage Larvadain,WR,CLE,14.4,20.058823529411764,16.75
Jahdae Walker,WR,CHI,26.7,13.823529411764707,22.05
Theo Wease Jr.,WR,MIA,25.9,15.529411764705882,24.92
Jacoby Jones,WR,WAS,3.5,17.676470588235293,3.74
Coleman Owen,WR,IND,0.0,16.58823529411765,0.14
Keleki Latu,TE,BUF,7.5,15.323529411764707,6.8
Jakobie Keeney-James,WR,GB,3.5,17.38235294117647,3.61
Brady Cook,QB,NYJ,28.46,15.117647058823529,25.87
Quentin Skinner,WR,NYJ,2.0,15.117647058823529,1.73
Josh Williams,RB,TB,1.1,17.61764705882353,1.29
Dalen Cambre,WR,NYG,0.0,17.558823529411764,0.21
Beaux Collins,WR,NYG,4.5,17.558823529411764,4.47
Raheim Sanders,RB,CLE,20.3,20.058823529411764,24.73
Ulysses Bentley IV,RB,IND,0.0,16.58823529411765,0.14
Carter Runyon,TE,LV,1.3,13.205882352941176,0.17
Max Brosmer,QB,MIN,6.219999999999999,18.470588235294116,6.96
Myles Price,WR,MIN,0.0,18.470588235294116,0.21
Ben Yurosek,TE,MIN,3.4,18.470588235294116,3.71
Xavier Restrepo,WR,TEN,7.1,18.176470588235293,7.62
Ke'Shawn Williams,WR,CIN,2.5,16.705882352941178,2.5
Ke'Shawn Williams,WR,PIT,0.0,15.588235294117647,0.14
Nate Carter,RB,ATL,4.0,17.058823529411764,4.25
Corey Kiner,RB,ARI,9.3,15.470588235294118,8.64
Efton Chism III,WR,NE,19.5,15.647058823529411,17.5
Dont'e Thornton Jr.,WR,LV,23.5,13.205882352941176,18.55
Arian Smith,WR,NYJ,13.5,15.117647058823529,12.97
Woody Marks,RB,HOU,165.9,18.529411764705884,189.11
Gunnar Helm,TE,TEN,91.7,18.176470588235293,101.47
Jaydon Blue,RB,DAL,20.4,16.676470588235293,22.04
Konata Mumpfield,WR,LA,30.4,15.411764705882353,29.61
Drake Dabney,TE,GB,1.3,17.38235294117647,1.43
Dalevon Campbell,WR,CAR,0.0,15.352941176470589,-0.06
Trevor Etienne,RB,CAR,14.1,15.352941176470589,14.41
Jalen Royals,WR,KC,2.4,16.147058823529413,2.51
Tory Horton,WR,SEA,59.1,17.176470588235293,61.95
Robbie Ouzts,RB,SEA,0.0,17.176470588235293,0.1
Harold Fannin Jr.,TE,CLE,186.4,20.058823529411764,226.49
Omarion Hampton,RB,LAC,135.60000000000002,14.029411764705882,117.55
Matthew Golden,WR,GB,88.4,17.38235294117647,92.09
Shedeur Sanders,QB,CLE,86.9,20.058823529411764,102.53
Isaac TeSlaa,WR,DET,75.9,18.0,83.47
Jalen Milroe,QB,SEA,-1.6,17.176470588235293,-0.49
Cam Ward,QB,TEN,200.66,18.176470588235293,221.88
Jaxson Dart,QB,NYG,241.58,17.558823529411764,254.77
Jarquez Hunter,RB,LA,0.0,15.411764705882353,-0.06
Dillon Gabriel,QB,CLE,70.07999999999998,20.058823529411764,83.64
Chimere Dike,WR,TEN,116.1,18.176470588235293,124.69
Cam Skattebo,RB,NYG,125.7,17.558823529411764,132.71
Travis Hunter,WR,JAX,63.8,17.705882352941178,67.59
Bhayshul Tuten,RB,JAX,93.7,17.705882352941178,99.12
Tre Harris,WR,LAC,73.4,14.029411764705882,61.78
Jack Bech,WR,LV,42.4,13.205882352941176,34.3
RJ Harvey,RB,DEN,228.1,14.735294117647058,205.97
TreVeyon Henderson,RB,NE,222.1,15.647058823529411,209.16
Luther Burden III,WR,CHI,140.1,13.823529411764707,118.13
Mason Taylor,TE,NYJ,86.9,15.117647058823529,79.59
Terrance Ferguson,TE,LA,55.0,15.411764705882353,58.75
Elijah Arroyo,TE,SEA,38.9,17.176470588235293,39.32
Tyler Shough,QB,NO,157.96,19.41176470588235,179.52
Isaiah Bond,WR,CLE,54.7,20.058823529411764,68.42
Quinshon Judkins,RB,CLE,167.8,20.058823529411764,203.76
